Subreddit,GND,doc_count,bg_count
relationships,0.4299494821398948,279141,367455
relationship_advice,0.4273423540813434,173322,214816
dirtypenpals,0.42019903493856053,122793,155588
AmItheAsshole,0.41662978895003067,43544,49592
offmychest,0.4162078424451711,133332,178864
depression,0.41585306183410625,128664,172420
Advice,0.41407431414558493,68052,85401
dating_advice,0.40813476935373455,27188,33134
raisedbynarcissists,0.40703931395769444,59993,81304
AgeplayPenPals,0.4066484522661329,32550,41422
SuicideWatch,0.4057364070373719,50092,67721
r4r,0.40474934543197566,32039,41879
legaladvice,0.40446540978347295,27211,35114
UnsentLetters,0.40437657106261404,23900,30468
AskDocs,0.40421688350509866,15719,19233
Anxiety,0.4040025544811946,22277,28361
tifu,0.4039369070859742,19725,24825
BreakUps,0.40359413192393156,26784,34975
stopdrinking,0.4032656657861286,19678,25034
confession,0.40280437841421785,24722,32419
TwoXChromosomes,0.40250162575304327,26392,34999
socialskills,0.4023833657744674,12995,16101
NoFap,0.4019168685924242,32704,44684
entitledparents,0.4016942938288754,9555,11633
BPD,0.4016641759740131,13490,16988
u_Mansiji11,0.40157968452486553,1324,1336
TalesFromRetail,0.40156743060537,6798,8029
TrueOffMyChest,0.4013741799419877,15675,20126
rant,0.4013281630840932,14593,18624
DeadBedrooms,0.40126862166684024,11721,14665
sex,0.40118832951494643,22540,30050
ExNoContact,0.4011300756636329,10917,13601
u_Suryaji11,0.4011100597658103,1205,1219
JUSTNOMIL,0.4010411335580737,25393,34317
polyamory,0.4010262707851156,11285,14130
MyTSeriesComplaint,0.40071961862160477,2977,3309
loseit,0.40057217208564083,13273,17010
mentalhealth,0.40032333881183224,16178,21207
Dreams,0.40024416137715957,8797,10917
BDSMpersonals,0.40016288004588535,8759,10882
ADHD,0.39991875469201976,10524,13356
asktrp,0.39976266412019096,9281,11678
self,0.39975737170779485,20272,27382
breakingmom,0.39966168794616835,8119,10112
childfree,0.3995882626554813,10811,13836
askgaybros,0.39955083791877793,12736,16553
Vent,0.399549957228695,9490,12012
askwomenadvice,0.3993788933372617,7552,9395
ForeverAloneDating,0.3992226848676183,6887,8523
dating,0.39917929871815266,6760,8359
MakeNewFriendsHere,0.39912903638483116,8364,10550
nosleep,0.398827348786841,100307,158281
asktransgender,0.39864922816763243,13451,17845
socialanxiety,0.3985489222375397,8930,11452
talesfromtechsupport,0.39823872485661144,4083,4923
TalesFromYourServer,0.39817083332180836,3747,4491
Needafriend,0.3979852075741126,7670,9811
confessions,0.3979575432570091,9311,12115
BabyBumps,0.39791752641215195,12380,16516
changemyview,0.3978471774526376,5953,7472
Divorce,0.3977614488870098,7939,10228
CPTSD,0.3977329741400635,5970,7512
LongDistance,0.3977161681392423,8858,11528
Roleplaykik,0.3976513984589921,16359,22448
Parenting,0.3976375595980197,8059,10420
DDLGPersonals,0.39743572082409284,2107,2444
leaves,0.3973941117179822,7577,9791
Dogtraining,0.39718760472211617,3426,4161
personalfinance,0.3971413376773132,16390,22686
futarp,0.3971065699206331,3273,3967
lonely,0.39706125407352333,7991,10437
bipolar,0.3969494004337379,7984,10449
u_MONUSHARMA77,0.3969128688881577,300,300
seduction,0.3968068237723661,14982,20700
Roleplay,0.3965884537042953,3917,4871
makeupexchange,0.3965752521320855,3198,3913
gonewildstories,0.39655495801719837,16581,23197
TalesFromTheFrontDesk,0.396547983530326,2626,3164
Drugs,0.3964418266229424,20427,29118
careerguidance,0.3963925100941119,3753,4670
datingoverthirty,0.39631208347262725,2384,2865
selfimprovement,0.396298220365616,4622,5860
aspergers,0.3962916604307034,6144,7971
EntitledPeople,0.3962856457280284,2284,2737
IDontWorkHereLady,0.39601495964156214,1318,1521
askseddit,0.39597075716953584,3533,4414
gamerlifehack,0.39594953678214595,357,372
Paranormal,0.3959310758469134,7721,10272
adultery,0.3959236562888495,3934,4962
DaddyDom,0.395809266337719,480,514
actuallesbians,0.39580366673177403,8073,10804
LetsNotMeet,0.3957671435160128,9243,12511
shortscarystories,0.3957655997324819,2916,3604
Crushes,0.39557197805900307,2184,2650
jobs,0.3955716323671139,7973,10706
ForeverAlone,0.39551208282791783,8356,11274
u_Emma0900,0.3954120036566524,219,223
needadvice,0.39529933908992837,5460,7156
stepparents,0.39527547345127945,2603,3223
LittlespacePersonals,0.39522894756151844,991,1140
OCD,0.3952267248120736,3490,4425
HealthAnxiety,0.39521095201064277,1312,1543
SluttyConfessions,0.3951783717035608,2695,3353
SubSimulatorGPT2,0.395146516897824,169,170
TheRedPill,0.39513938806998994,9150,12518
RoleplayPartnerSearch,0.39511058861375553,973,1121
DirtyKIKRoleplay,0.3950098627662952,3999,5147
FriendshipAdvice,0.3949437128290047,1682,2029
dogs,0.39494242592738316,11393,15907
findapath,0.39493941610788774,1914,2332
selfharm,0.39482758033006043,3331,4244
survivinginfidelity,0.3948272828898031,4257,5526
pettyrevenge,0.39480640838368836,2628,3290
BDSMcommunity,0.39475736435660724,3149,4001
subredditreports,0.3947362205320344,1324,1576
fatpeoplestories,0.3946854810558707,5817,7754
u_Right_Garage,0.3946531764466266,468,516
Glitch_in_the_Matrix,0.3946399687593273,2980,3780
BPDlovedones,0.39463578118608256,5165,6830
bisexual,0.3946313705313984,4672,6132
copypasta,0.3945842887196754,7873,10758
TalesFromTheCustomer,0.39450979782631707,842,974
Assistance,0.3945003448304284,5091,6743
reactivedogs,0.39443500675694154,814,941
MaliciousCompliance,0.3944134506864095,1344,1614
mkitvicmk,0.3944104166707673,129,130
NarcissisticAbuse,0.39439004972452474,4801,6345
JUSTNOFAMILY,0.3943739014248563,7126,9703
MomForAMinute,0.3943728780095527,2398,3010
gentlefemdompersonals,0.3943579151944374,934,1093
DnD,0.39435482635539054,11586,16365
guildrecruitment,0.3943321414541663,1468,1778
DnDGreentext,0.3942936370225243,2636,3338
fragsplits,0.39426359560118257,258,275
furryroleplay,0.39410918082718993,199,209
chugalugdigests,0.3940660849404509,457,511
AlAnon,0.39400692117820363,2728,3485
exmormon,0.3939337186074126,12296,17573
LegalAdviceUK,0.393921013317443,1950,2435
DMAcademy,0.39387691897295773,2816,3616
CasualConversation,0.39381476219367667,8213,11420
BipolarReddit,0.39379859352908864,3183,4131
Marriage,0.39367061424491706,3303,4310
ProRevenge,0.3936446689458638,3242,4227
ptsd,0.3935985603192553,2971,3853
DailyHerald,0.3935301430434416,150,157
cscareerquestions,0.39351238453325,4704,6318
VoiceyHere,0.39348754328212443,1521,1884
depression_help,0.393474489781418,3209,4196
u_deepanshu009,0.39345978151730004,185,197
LondonSocialClub,0.393450089239651,436,494
gaystoriesgonewild,0.39343980917673993,4933,6658
infp,0.3934344265557091,3524,4643
proED,0.3934320570193303,2400,3076
exjw,0.39337153134889824,6601,9110
stupidslutsclub,0.3932872950778996,2411,3101
eroticpenpals,0.3932674993170742,2226,2848
redditoryt,0.3932641475930573,555,643
RantsFromRetail,0.3932566277885165,542,627
Psychonaut,0.39324595113688204,5603,7661
SeriousConversation,0.3932343879628749,1621,2029
ftm,0.39318315487969496,4853,6576
quittingkratom,0.3931593680122408,1599,2003
intj,0.3931437801942191,2162,2768
NoPoop,0.39314145934024775,67,67
infj,0.3931351719891417,2640,3429
puppy101,0.3931303585599893,1426,1773
mypartneristrans,0.39310987847095047,1258,1551
nonmonogamy,0.39310383642046065,1356,1681
DreamInterpretation,0.3931003128718738,852,1022
Endo,0.39309383184191693,623,731
AstralProjection,0.3930855180148404,991,1202
IronThroneRP,0.3930766012229986,1663,2093
creepyencounters,0.3930685031961228,1659,2088
DangerDylanTLDR,0.39305892996383196,133,140
Petloss,0.39303564777187794,1518,1900
frontatheism,0.39303226593214613,107,111
CelebDPP,0.39302945678595674,668,789
asexuality,0.39301398678064114,1885,2397
AmItheButtface,0.3929776937379094,283,315
MtF,0.39294959143056934,3624,4833
doublespeaksterile,0.3929377349281721,61,61
introvert,0.39292370853962855,2595,3382
teenrelationships,0.3928699139709304,1482,1859
femdompersonals,0.39284606852184695,1370,1710
frontaww,0.39282957746364505,58,58
weddingplanning,0.3928291473521723,7127,9992
OpiatesRecovery,0.3927751899363767,2178,2813
badroommates,0.3927696141994287,2579,3371
JustNoSO,0.39273430323185177,2575,3368
lfg,0.3927298431575354,3290,4378
ChronicPain,0.3927079479738876,1680,2134
careeradvice,0.39264627850301503,665,793
VirginityExchange,0.3926457720576179,1278,1595
front,0.3926367148144736,112,118
AskHR,0.3926317315620066,1034,1272
getdisciplined,0.3926264266860546,2711,3567
IncestRoleplay,0.39261321921140085,978,1199
RedPillWomen,0.39259548206268763,1462,1844
DPPprofiles,0.3925684628919033,509,597
DecidingToBeBetter,0.3925663619005015,2973,3942
OnlineAffairs,0.39245221513315726,843,1027
Sleepparalysis,0.39244709239134884,816,992
TalkTherapy,0.3924365743137071,751,908
raisedbyborderlines,0.3924351441169157,2726,3603
rape,0.39241084535207205,1982,2564
infertility,0.3923816248330054,1269,1593
FindAUnit,0.3923584742279319,1243,1559
MMFB,0.3923505662903659,4552,6244
talesfromcallcenters,0.392342498971106,643,771
StopGaming,0.3922860864310692,1675,2148
BreakUp,0.39228014091089247,2114,2755
watchxmoviesbb_club,0.39226833753598783,86,90
wowguilds,0.39226451584397065,2842,3781
LifeAdvice,0.39225480578685046,787,959
AsianParentStories,0.3922170186353176,1698,2183
juststart,0.3922137806366266,380,441
OverwatchUniversity,0.39221200881033486,2159,2822
nickkuvaas,0.39218957316846387,100,106
LucidDreaming,0.39218218036040603,2812,3745
abusiverelationships,0.3921621166729655,1534,1961
circlebroke,0.3921457014773466,1188,1493
TheGirlSurvivalGuide,0.3921265705976282,1789,2313
frontgaming,0.39211021319502215,41,41
u_soleil_coffeefix,0.39211021319502215,41,41
Nanny,0.3920987702901849,971,1205
friendship,0.39209467369826767,823,1010
AgeplayPenPals2,0.39207720569501525,125,135
TransformationRP,0.39207589199367154,1227,1548
GameBanshee,0.392066884731717,215,241
BattleCampHacked,0.3920605818132001,40,40
loveafterporn,0.3920548233813029,368,428
Christianity,0.39204366028542625,9449,13705
GamerPals,0.39203844906717883,2662,3543
ENFP,0.39202594491710663,1479,1892
respectthreads,0.3920222224791181,893,1104
frontwtf,0.39200990440181244,39,39
varicocele,0.39198694167664966,71,74
DestinationWa,0.3919800562318896,283,324
frontgonewild,0.39195813076464175,38,38
R4R30Plus,0.39195702200595184,1427,1824
frontaskreddit,0.3919490268187936,152,167
internetparents,0.39193984450623126,1008,1259
exchristian,0.3919277005456197,2578,3432
relationships_advice,0.39192069547748165,1301,1654
pornfree,0.39191677346243864,2783,3725
Codependency,0.39191419490550844,930,1156
beyondthebump,0.39189919560375014,3554,4838
schizophrenia,0.3918747466142699,2571,3426
FanTheories,0.3918676463746795,1751,2274
u_aghoritantrik21,0.3918510745373351,36,36
frontbestof,0.3918510745373351,36,36
Rapekink,0.39179459466942523,1836,2396
MakeupRehab,0.391789107114674,1091,1375
AsOneAfterInfidelity,0.39177585122047565,608,737
JakeAndAmirScripts,0.3917666063614967,104,112
stepmonsters,0.39172812106301924,856,1063
rapecounseling,0.3917280352351481,3072,4156
family,0.3917224398600209,2019,2656
HorrorReviewed,0.39171112163429317,510,612
frontfunny,0.39168464521231783,115,125
LifeAfterNarcissism,0.39165070267687474,1663,2163
frontadviceanimals,0.3916211204261852,32,32
therapy,0.3916056196066808,1195,1522
AnxietyDepression,0.3915792082696785,681,836
u_pine_squirrl,0.39155988844438383,31,31
LoLChampConcepts,0.39153145086549423,757,937
heartbreak,0.3915249413399366,1321,1697
GriefSupport,0.39152364198698814,1985,2620
Herpes,0.3915229862538882,947,1190
u_ggdffdfdg55,0.39151969617749566,187,211
NevilleGoddard,0.39150043580249966,682,839
u_bitgamecheatstool,0.39149697907018927,30,30
u_susanandrews2012,0.39149697907018927,30,30
frontmylittlepony,0.39149697907018927,30,30
NFLPlayoffScenarios,0.39149697907018927,30,30
entitledkids,0.3914847258014694,418,498
Thetruthishere,0.39146784750013686,1881,2477
narcissisticparents,0.39145883608115606,561,682
u_cogamecheats,0.39143228714195194,29,29
u_drgamecheatstool,0.39143228714195194,29,29
naughtyfromneglect,0.391421107221561,1002,1267
retailhell,0.3914176277030201,323,379
alcoholism,0.39137365162268883,1633,2135
JustNoTalk,0.39131773140733195,369,438
ABraThatFits,0.3913172821893066,1689,2216
INTP,0.39131240798997363,2199,2936
SeattleUnmoderated,0.39129542635815484,66,70
frontpics,0.3912727916644105,49,51
Swingers,0.3912434911688351,1357,1758
u_SerialBrain2,0.3912262973577149,26,26
frontiama,0.3912262973577149,26,26
DiagnoseMe,0.39121551920876574,599,736
primalmealplan,0.39120755842665383,48,50
FFXIVRECRUITMENT,0.39119761770521483,2646,3585
Nightmares,0.3911886139742636,400,479
TrueFilm,0.39116687833334113,1393,1811
sexstories,0.3911614066104765,3567,4932
LoserleavesReddit,0.39115357351889823,486,590
u_99gamecheats,0.39115318919481573,25,25
u_livegamecheats,0.39115318919481573,25,25
PurplePillDebate,0.39114105574302865,1259,1627
Sciatica,0.3911370442968852,199,228
bipolar2,0.39111648721447023,811,1019
CharacterRant,0.39111136748334896,557,683
waiting_to_try,0.3911047276083563,480,583
EntitledBitch,0.3910874279925264,673,836
u_Acathlen56,0.39107758076863314,24,24
frontvideos,0.39107758076863314,24,24
MoarStories,0.39107319052942213,416,501
sad,0.3910722070335548,2800,3818
depressed,0.3910669539729331,1436,1875
clarkson,0.39106238980485286,129,144
BingeEatingDisorder,0.3910584700783388,583,718
LegalAdviceWeb,0.3910549748227854,89,97
res30stupid,0.391048564499187,36,37
emetophobia,0.3910286928499893,613,758
u_101gamecheats,0.3909992751514643,23,23
u_instagamecheats,0.3909992751514643,23,23
BipolarSOs,0.39098939969664026,1180,1524
DirtyStoryWriting,0.39097584710383443,818,1032
ROCD,0.3909579340730885,752,944
truegaming,0.39095388727442953,1734,2298
DID,0.39094976738549536,1055,1354
CliqueSupport,0.3909394584888319,161,183
relationshipadvice,0.39092689666124925,723,906
RapidgatorShare,0.39091805043207084,22,22
u_hitgamecheats,0.39091805043207084,22,22
frontmovies,0.39090413771262783,52,55
ABDLPersonals,0.39089821988436885,583,721
BillMurrayMovies,0.39089367052990376,34,35
helpme,0.39089294612340536,962,1229
SROTD_Archives,0.39087835752367284,1073,1381
MRSelfPostCopies,0.390866860118301,1034,1328
EatingDisorders,0.3908155856351893,428,520
TalesFromFastFood,0.39077050293672894,152,173
Ijustwatched,0.3907491121109265,568,704
Agoraphobia,0.3907281189094932,464,568
EDAnonymous,0.39071309829776457,1164,1512
InfluenceAdvice,0.39069941064383673,41,43
lawofattraction,0.39068937319436936,1570,2080
british_tea_company,0.3906541659431734,19,19
ALLISMIND,0.3906541659431734,19,19
stockaday,0.3906541659431734,19,19
u_bestofgamecheats,0.3906541659431734,19,19
Miscarriage,0.390651233107317,898,1149
polyamoryR4R,0.3906483919477701,326,391
addiction,0.3906448368316338,1511,1999
DiscordRP,0.39064072682858453,31,32
WrAItingPrompts,0.3906053777284111,261,309
CricketGroups,0.3905781631947501,92,102
GFDP,0.390558364549599,18,18
ScarlettGolightly,0.390558364549599,18,18
u_hotgamecheats,0.390558364549599,18,18
AdultSelfHarm,0.390558364549599,18,18
u_OpenSlip,0.390558364549599,18,18
jw_mentions,0.39055600409233476,983,1268
Anger,0.39054566045416594,795,1012
MultipleSclerosis,0.39053692681370705,746,946
entitledredditors,0.3905269543583976,332,400
FriendsofthePod,0.3905249352100431,235,277
bdsmr4r,0.3905153448679238,127,144
LGBTeens,0.39050707374106575,2973,4119
running,0.3905014285307683,4997,7156
xxfitness,0.39049706157323555,1881,2532
hotpast,0.39047616658114487,358,434
removalbot,0.39046646545372776,1128,1471
CheatedOn,0.3904598464389814,111,125
Marobudi007,0.39045795816982104,17,17
u_wegamecheatstool,0.39045795816982104,17,17
spirituality,0.3904551411697652,1641,2192
penpals,0.390442137180705,1968,2660
postvasectomypain,0.39043550044342595,53,57
TalesFromThePizzaGuy,0.3904304138554199,547,682
roleplaying,0.3904280499367888,200,234
BorderlinePDisorder,0.39040362366204545,606,761
marriageadvice,0.39039748960145915,382,466
TMJ,0.39039567330180974,195,228
MrReddit,0.39039409106553713,438,539
dpdr,0.39039087136294315,1017,1320
spikes,0.39036488650964335,2082,2829
Psychic,0.39036055619153576,1433,1902
Workproblems,0.39035767951629236,28,29
HiveWriting,0.39035767951629236,28,29
u_nugamecheats,0.39035767951629236,28,29
MySexConfession,0.39035242968187583,16,16
MarketingDownload,0.39035242968187583,16,16
medical,0.39034336913030837,2164,2949
GameofThronesRP,0.3903371595282609,1800,2425
limerence,0.3903347180206916,599,753
ITCareerQuestions,0.39033136038740296,1090,1423
GolfReimagined,0.39032198005907265,193,226
BDSMAdvice,0.39028876897717807,889,1147
teenswhowrite,0.3902868219025944,44,47
MHoCCampaigning,0.3902864880599997,649,821
randomsuperpowers,0.3902816909152578,305,368
Rants,0.39027060633938243,674,855
TrueChristian,0.3902622198977744,1651,2216
GFDpersonals,0.3902564925813913,131,150
venting,0.39025612858543124,1361,1805
USMilitarySO,0.3902558820336498,438,541
bigonewildstories,0.39025529759092037,27,28
PanicAttack,0.3902488743964239,286,344
team_bowser,0.3902411666799323,15,15
TheDeepGeneration,0.3902411666799323,15,15
adviceforyoungadults,0.3902411666799323,15,15
u_Lezzapola,0.3902411666799323,15,15
Nammos_storytime,0.3902411666799323,15,15
questioning,0.39022896414107,587,739
ehlersdanlos,0.3902258734240174,542,679
HGK477,0.39021230351670005,69,76
Test_Posts,0.3901970929293606,96,108
sexover30,0.39018770829710847,643,815
scarystories,0.3901856119330948,1378,1832
povertyfinance,0.39018516238243883,714,911
honesttransgender,0.3901697405070701,35,37
REDDITORSINRECOVERY,0.3901569635512116,895,1159
AskParents,0.39015246440651563,695,886
u_upgamecheats,0.3901482928364076,26,27
LifeasanNPC,0.39014012451126584,257,308
relationshipanarchy,0.39012343612377526,14,14
u_PapaSmoke86,0.39012343612377526,14,14
ThePeopleWatchingUs,0.39012343612377526,14,14
u_FucksWithHiveMind,0.39012343612377526,14,14
InvisibleElves,0.39012343612377526,14,14
Business_Analyst,0.3901213087961295,146,169
Reduction,0.39011607661843317,285,344
TopOfThe,0.39010934450525,42,45
KindVoice,0.39010226702567224,1299,1724
Epilepsy,0.3901015751300285,703,898
talesfromsecurity,0.3900997177806779,241,288
GradSchool,0.39009345140440327,1561,2096
deadbedroom,0.39009007651254307,443,550
howtonotgiveafuck,0.3900855782521221,1430,1910
AirBnB,0.39007041116873015,687,877
KikRoleplay,0.3900518248232829,1101,1448
simrally,0.39004554553495496,140,162
CSCQSimulator,0.3900362259117364,25,26
BPPV,0.3900362259117364,25,26
redditsummary,0.3900362259117364,25,26
Asexual,0.39002836426378346,415,514
buzzfeedbot,0.3900159940593904,185,218
emotionalabuse,0.3900103349144418,1192,1577
nocontact,0.389998520108882,112,128
Kidasuna,0.3899983498629009,13,13
EdgyLatinRaids,0.3899983498629009,13,13
u_ALesserMagician,0.3899983498629009,13,13
u_purplefartghost,0.3899983498629009,13,13
u_gamerjibe,0.3899983498629009,13,13
Poutsub,0.3899983498629009,13,13
u_myliferollercoaster,0.3899983498629009,13,13
BBORG2_Patrick,0.3899983498629009,13,13
team_charmander,0.3899983498629009,13,13
u_broadedw67,0.3899983498629009,13,13
DisneySongRankdown,0.3899983498629009,13,13
Paranoid,0.3899983498629009,13,13
frontscience,0.3899983498629009,13,13
FanStorytime,0.3899941584096296,388,479
GraxPy,0.3899837154756086,60,66
AskWomenOver30,0.38996841552748995,689,882
SuicideBereavement,0.38995875268881014,768,990
demisexuality,0.38995607367950585,396,490
autism,0.38995552721127397,1402,1876
atheismbot,0.3899529138127557,1822,2478
LITTLEPERSONALS,0.3899497435533326,789,1019
flashfiction,0.38993444288834633,175,206
Teachers,0.38992532991373247,2228,3070
Slaves,0.3899203346249264,40,43
u_betagamecheats,0.38991859390024847,24,25
Wierddreams,0.38991859390024847,24,25
castaneda,0.38990682217454803,53,58
hacker,0.38990191940570323,643,821
TheFalloutDiaries,0.3899009895344796,992,1301
100movies365days,0.3898841322725454,415,516
HampsterStories,0.38986481675563095,12,12
ImaginaryDialogues,0.38986481675563095,12,12
MetaMandela,0.38986481675563095,12,12
OnTheFrontier,0.38986481675563095,12,12
u_FaithfulYetSad,0.38986481675563095,12,12
u_trygamecheats,0.38986481675563095,12,12
Hastories,0.38986481675563095,12,12
Tokechai,0.38986481675563095,12,12
UKFraudsters,0.38986481675563095,12,12
u_Deborah_hecker,0.38986481675563095,12,12
FreshIrishGamerHD,0.38986481675563095,12,12
xxanime,0.38986481675563095,12,12
DiamoOfTheDay,0.38986481675563095,12,12
CultureWarRoundup,0.38986481675563095,12,12
poiyurt,0.38986481675563095,12,12
u_Specialist_Soft,0.38986481675563095,12,12
FFXIPrivateServers,0.38986481675563095,12,12
topsitesbb,0.38985944571343545,32,34
detrans,0.3898453126469417,262,317
fuckeatingdisorders,0.3898397777715335,513,647
Tulpas,0.38983837099250634,1060,1398
pwr,0.3898334770740306,211,252
abortion,0.3898265699994338,1049,1383
Fibromyalgia,0.3898254240149554,751,970
cglpersonals,0.389820785610018,52,57
girladvice,0.389820785610018,52,57
AskMenAdvice,0.38979676635218763,502,633
HobbyDrama,0.3897752833371497,235,283
stunfisk,0.38976624539474247,938,1230
CatAdvice,0.3897584483700662,372,461
rSlash_YT,0.38974536424577455,216,259
financialindependence,0.38974230643176677,1380,1854
askMRP,0.3897419449869288,686,883
u_ongamecheats,0.3897214745484159,11,11
EnigmaticWrites,0.3897214745484159,11,11
doctorgecko,0.3897214745484159,11,11
Tipop,0.3897214745484159,11,11
NicksDreamz,0.3897214745484159,11,11
mspaintshoops,0.3897214745484159,11,11
realitychecks,0.3897214745484159,11,11
XcutionRP,0.3897214745484159,11,11
aholhs,0.3897214745484159,11,11
TrumpReport,0.3897214745484159,11,11
personalopinion,0.3897214745484159,11,11
MTGTournaments,0.3897214745484159,11,11
doublespeakdoctrine,0.3897214745484159,11,11
DatingAfterThirty,0.38971699659389636,129,150
pregnant,0.3897134422688687,1242,1659
PMDD,0.38970706962090174,338,417
RPGdesign,0.38970407484895425,373,463
rwbyRP,0.38968883001961024,482,608
SupersRP,0.38967937149344767,324,399
gametales,0.38967236592301707,1088,1443
rpg,0.3896694150201705,2668,3738
u_lucasbaxendale,0.3896642268949995,22,23
SecretWinter,0.3896642268949995,22,23
CompetitiveHS,0.38965948931250577,1256,1681
petty_revenge,0.38965508197606835,56,62
Ilovemyself,0.3896307598259286,30,32
BDSMerotica,0.3896248370488587,1403,1892
stobuilds,0.38960323990632684,275,336
lasik,0.3896007858199476,285,349
misophonia,0.3895967154426168,592,758
cheating_stories,0.38959558772806385,451,568
badhistory,0.3895948249589309,498,631
AdultChildren,0.38958053219380867,506,642
SirLemoncakes,0.3895677977276106,55,61
Apeirophobia,0.38956659020933687,10,10
nosework,0.38956659020933687,10,10
John_writes,0.38956659020933687,10,10
Camp_Jupiter,0.38956659020933687,10,10
fronttodayilearned,0.38956659020933687,10,10
VercWrites,0.38956659020933687,10,10
cruciformity,0.38956659020933687,10,10
Whale62,0.38956659020933687,10,10
CapeCodGaming,0.38956659020933687,10,10
TDDramaHouse,0.38956659020933687,10,10
u_MisfortunateBachelor,0.38956659020933687,10,10
u_influx-com,0.38956659020933687,10,10
u_XMR_TO,0.38956659020933687,10,10
u_pixelflows,0.38956659020933687,10,10
relationship_abuse,0.38956659020933687,10,10
InkbloodWritersGuild,0.38956659020933687,10,10
ACoNLAN,0.38956659020933687,10,10
Ritwik_Mitra,0.38956659020933687,10,10
MaestersoftheFreefolk,0.38956659020933687,10,10
smitedamage,0.38956659020933687,10,10
stockrocket,0.38956659020933687,10,10
MarieAnnWatson,0.38956659020933687,10,10
clutchbaseball,0.38956659020933687,10,10
RoastMyIdea,0.38956659020933687,10,10
writesthewords,0.38956659020933687,10,10
u_RealR00,0.38956659020933687,10,10
blackskiesRP,0.38956659020933687,10,10
fuckyoumorgan,0.38956659020933687,10,10
Terkmc,0.38956659020933687,10,10
Justnofil,0.38956344846721563,531,676
BDSMoriginal,0.38955905814987957,81,92
Wetshaving,0.3895561991366085,200,240
stopsmoking,0.389545037685549,2423,3384
love,0.38953419414115825,1686,2304
Vasectomy,0.3895335107872414,146,172
Parenting_Tips,0.3895271659673396,442,557
u_igamecheats,0.3895260389018675,21,22
mourning,0.3895260389018675,21,22
talesfromthelaw,0.3895260389018675,21,22
Christianmarriage,0.38950442175689776,165,196
SantasLittleHelpers,0.3894994579295881,816,1068
KidneyStones,0.389488829786829,153,181
Empaths,0.3894857841529212,510,649
hsp,0.38948485547998446,449,567
depression_partners,0.3894816923734892,70,79
Blooming,0.3894816923734892,70,79
pulpheroes,0.3894794571375628,103,119
DirtyEuro4Euro,0.38946262856459,120,140
dysthymia,0.3894545079604475,89,102
derealization,0.38943525445898836,59,66
Anxietyhelp,0.389430877208432,417,525
SingleParents,0.3894157545866055,443,560
BadNeighbors,0.38941489893451997,93,107
AdvancedLiterateRP,0.38941189601942927,64,72
phph,0.3893979092312071,9,9
u_Connectzapp,0.3893979092312071,9,9
tamfail,0.3893979092312071,9,9
GLRP_NorthBlue,0.3893979092312071,9,9
Echmer,0.3893979092312071,9,9
MtvStranded,0.3893979092312071,9,9
Sexualroleplay,0.3893979092312071,9,9
drewmikepodcast,0.3893979092312071,9,9
xychromosomes,0.3893979092312071,9,9
SocialismVSCapitalism,0.3893979092312071,9,9
u_NotAQTGF,0.3893979092312071,9,9
JA_Torch,0.3893979092312071,9,9
MasculineClass,0.3893979092312071,9,9
homilies,0.3893979092312071,9,9
EroticaStories,0.3893979092312071,9,9
jobudstories,0.3893979092312071,9,9
WastedStuff,0.3893979092312071,9,9
FortyTwoDogs,0.3893979092312071,9,9
u_livestreamsecrets,0.3893979092312071,9,9
LucidDream,0.3893979092312071,9,9
mildlybrokenvoice,0.3893979092312071,9,9
VanillaPlus,0.3893979092312071,9,9
GriffonOak500,0.3893979092312071,9,9
Cristler,0.3893979092312071,9,9
TheCountry,0.3893979092312071,9,9
ChokingVictimWrites,0.3893979092312071,9,9
BadElf21,0.3893979092312071,9,9
ScottPetersonCase,0.3893979092312071,9,9
nobuy,0.3893979092312071,9,9
Rainbow_Babies,0.3893979092312071,9,9
ASharedNarrative,0.3893979092312071,9,9
LittleSpacePenPals,0.3893979092312071,9,9
MerchPrintOnDemand,0.3893979092312071,9,9
redditdefiants,0.3893979092312071,9,9
aaronscorner,0.3893979092312071,9,9
misophoniatraining,0.3893979092312071,9,9
u_NationofChange,0.38938673135184704,35,38
MasakoX,0.38938639556950405,53,59
SexAddiction,0.38938437066379494,135,159
Luna_Lovewell,0.38938064575850395,181,217
NVLD,0.38937933473635183,20,21
dyscalculia,0.38937933473635183,20,21
u_Islehaven,0.38937933473635183,20,21
u_BetterOffBowling,0.38937933473635183,20,21
MakeFemaleFriendsHere,0.38937933473635183,20,21
Wheezywrites,0.38937933473635183,20,21
JordanPeterson,0.3893746868517036,2739,3868
magicbuilding,0.38936806652948347,162,193
AskGayMen,0.38936610527922433,297,367
TryingForABaby,0.3893629391963361,1365,1849
datingoverforty,0.38934209779423173,78,89
AvPD,0.38933243361073533,825,1085
alone,0.38932611688601754,286,353
awoiafrp,0.38932255262900073,580,747
HPPD,0.38932180608697237,161,192
AskGaybrosOver30,0.3893189749045673,352,440
latebloomerlesbians,0.3893110654992458,367,460
FTMMen,0.38930713969038083,215,261
HFY,0.3892964648134771,14443,22573
awakened,0.3892948379678007,1066,1425
AlasFeels,0.38929276040947974,117,137
ModelTimes,0.38929007026173407,82,94
shortscifistories,0.3892746842833715,193,233
NoFapChristians,0.3892721629300646,1206,1625
Christianr4r,0.3892675015335091,34,37
doublespeaklockstep,0.38925180772692847,46,51
blendedfamilies,0.38925180772692847,46,51
PerilousPlatypus,0.3892473772587747,86,99
SamsStoriesSub,0.3892473772587747,86,99
IronThronePowers,0.38924478769873033,1560,2136
MageQuest,0.38924093314284325,67,76
aromantic,0.3892389511061234,315,392
aspergirls,0.3892329485273977,908,1204
adhdwomen,0.3892260498445485,132,156
college,0.3892248343251849,3295,4720
shingles,0.38922302580249657,19,20
flutterguy123,0.38922302580249657,19,20
TricksterPriestJace,0.38922302580249657,19,20
nicepeople,0.38921241865570777,8,8
cymbalta,0.38921241865570777,8,8
TheSecretLOA,0.38921241865570777,8,8
JordanBPeterson,0.38921241865570777,8,8
u_Lolitain_Official,0.38921241865570777,8,8
PsychicGiftedSoul,0.38921241865570777,8,8
Lectionary,0.38921241865570777,8,8
methodism,0.38921241865570777,8,8
removethemods,0.38921241865570777,8,8
u_ylallily,0.38921241865570777,8,8
u_danalbidlake2019,0.38921241865570777,8,8
AIDB,0.38921241865570777,8,8
SubredditSimulator_SS,0.38921241865570777,8,8
u_ThreeDucksInAManSuit,0.38921241865570777,8,8
Knightfall31,0.38921241865570777,8,8
pillscollide,0.38921241865570777,8,8
SynergyServer,0.38921241865570777,8,8
ymrealdeal,0.38921241865570777,8,8
Exhomosexual,0.38921241865570777,8,8
Postpartum_Anxiety,0.38921241865570777,8,8
digimonrp,0.38921241865570777,8,8
u_EugeneYuu13,0.38921241865570777,8,8
fatfishingstories,0.38921241865570777,8,8
TheInsurrection,0.38921241865570777,8,8
WhimsyWrites,0.38921241865570777,8,8
herokids,0.38921241865570777,8,8
braintumor,0.38921241865570777,8,8
Elements,0.38921241865570777,8,8
u_tinkerbell_82,0.38921241865570777,8,8
GWA_WeeklyFormat,0.38921241865570777,8,8
shnokums,0.38921241865570777,8,8
u_workrockin,0.38921241865570777,8,8
Airmen,0.38921241865570777,8,8
perthproduction,0.38921241865570777,8,8
jobhunting,0.38921241865570777,8,8
DSDcode,0.38921241865570777,8,8
MembersOfTheArmada,0.38921241865570777,8,8
Talesofwesteros,0.38921241865570777,8,8
AllThingsEnglish,0.38921241865570777,8,8
SuzemtteFictionWrite,0.38921241865570777,8,8
u_FlimsyConstant,0.38921241865570777,8,8
ChiaraNova,0.38921241865570777,8,8
HusbandRant,0.38921241865570777,8,8
NoBingeChallenge,0.38921241865570777,8,8
mikailgirl,0.38921241865570777,8,8
u_adamsjade,0.38921241865570777,8,8
DatabaseForTheLeft,0.38921241865570777,8,8
EventideMZ,0.38921241865570777,8,8
u_vArglebargle,0.38921241865570777,8,8
overcomposer,0.38921241865570777,8,8
opiates,0.38920363506346567,5005,7354
Meditation,0.38919899637147193,1904,2641
grenadiere42,0.38919513001428907,51,57
twinflames,0.38919060723270227,554,714
AuthorKurt,0.3891714929149814,119,140
ITRPCommunity,0.3891653577377494,225,275
eroticliterature,0.38916272669012086,4165,6058
CompulsiveSkinPicking,0.38915336059614475,379,478
losangelesevents,0.3891468776624386,45,50
backpain,0.38914677169640743,146,174
BankMoney,0.38914336388461734,33,36
BFS,0.3891429889571756,89,103
cfs,0.389124432102428,515,662
Soulnexus,0.3891241067859914,763,1004
ibs,0.3891227586516413,1009,1350
AgeGap,0.3891165211796363,114,134
widowers,0.38911068804786125,820,1084
AusLegal,0.3891085091293983,203,247
MonsterGirlRP,0.3891072836162769,149,178
Erotica,0.3891063266898125,2551,3608
deadbedroomtalk,0.3891063175501203,26,28
CommittedDating,0.3890954864629246,50,56
subredditoftheday,0.38907415051435945,1048,1407
legaladvicecanada,0.3890709254903823,278,345
awakenedliving,0.38907067264191064,55,62
dndnext,0.3890703514816397,2309,3249
DysmorphicDisorder,0.3890569865349721,148,177
UnresolvedMysteries,0.38905657728710913,1666,2300
Sharks_Stuff,0.389055811234079,18,19
magnora7,0.389055811234079,18,19
tripreport,0.389055811234079,18,19
spoiledkids,0.389055811234079,18,19
sagesgrandarchives,0.389055811234079,18,19
ifthenewbellow,0.389055811234079,18,19
AdulteryHate,0.389055811234079,18,19
sahm,0.389055811234079,18,19
AntiHeroReborn,0.389055811234079,18,19
comphsdeleted,0.3890550557491178,121,143
u_RJ-Hamster,0.38904744118043877,177,214
exmuslim,0.38904638749739623,2921,4170
eShopperReviews,0.3890386204956933,44,49
Keratoconus,0.38902315721217084,136,162
altTRP,0.3890139318367471,32,35
stilltrying,0.3890061969568765,147,176
ElliasterPBP,0.38900595621762163,7,7
u_oliviaangel4252,0.38900595621762163,7,7
u_jourgechris44,0.38900595621762163,7,7
CASTorDIE,0.38900595621762163,7,7
FlashFiction4You,0.38900595621762163,7,7
EntitledBrats,0.38900595621762163,7,7
QwartzClock,0.38900595621762163,7,7
DacriaWrites,0.38900595621762163,7,7
SASSWitches,0.38900595621762163,7,7
u_Maepaperclip,0.38900595621762163,7,7
2014goals,0.38900595621762163,7,7
u_DizzyEqual,0.38900595621762163,7,7
ChildrenOfAlcoholics,0.38900595621762163,7,7
EntitledParentsBS,0.38900595621762163,7,7
myroleplayprompts,0.38900595621762163,7,7
WiselyWrittenWords,0.38900595621762163,7,7
PromGoneWRONG,0.38900595621762163,7,7
FalseMachine,0.38900595621762163,7,7
KinkyDnD,0.38900595621762163,7,7
u_the5ammommy,0.38900595621762163,7,7
Divergences,0.38900595621762163,7,7
BeyondDebate,0.38900595621762163,7,7
nevergrewup,0.38900595621762163,7,7
TractorPads,0.38900595621762163,7,7
u_DoctorAltaria,0.38900595621762163,7,7
ModelCTVNews,0.38900595621762163,7,7
GuyoFromOhio,0.38900595621762163,7,7
GodsGraveyard,0.38900595621762163,7,7
SpinATaleForMe,0.38900595621762163,7,7
MMALatest,0.38900595621762163,7,7
AnCapHeretics,0.38900595621762163,7,7
Bicolline,0.38900595621762163,7,7
RandomActsOfGreed,0.38900595621762163,7,7
mMaester,0.38900595621762163,7,7
u_justarandom179,0.38900595621762163,7,7
Tokophobia,0.38900595621762163,7,7
CleanLivingKings,0.38900595621762163,7,7
TDRankdown,0.38900595621762163,7,7
TheWriterDiaper,0.38900595621762163,7,7
u_suparblog,0.38900595621762163,7,7
careerquestions,0.38900595621762163,7,7
u_Ashley_Lane_club,0.38900595621762163,7,7
Wehaveaproblem,0.38900595621762163,7,7
EMTstories,0.38900595621762163,7,7
bitch,0.38900595621762163,7,7
Levilarrington,0.38900595621762163,7,7
AspieR4R,0.38900595621762163,7,7
owblizztracker,0.38900595621762163,7,7
u_adamsjourge44,0.38900595621762163,7,7
u_vanithatolsay23,0.38900595621762163,7,7
MADDOGE,0.38900595621762163,7,7
FriendsofGod,0.38900595621762163,7,7
u_amitsharma70155,0.38900595621762163,7,7
MACElection1,0.38900595621762163,7,7
indigo_wanderers,0.38900595621762163,7,7
SadThoughts,0.38900595621762163,7,7
SFTS,0.38900595621762163,7,7
RedditEmblemThracia,0.38900595621762163,7,7
u_vanithatolsay,0.38900595621762163,7,7
NSFW_Playtime,0.38900595621762163,7,7
lulzFunds,0.38900595621762163,7,7
u_fayo3okbarda,0.38900595621762163,7,7
tacohcf,0.38900595621762163,7,7
FOGRemoval,0.38900595621762163,7,7
Selfhealingmadd,0.38900595621762163,7,7
IBoughtACarOneTime,0.38900595621762163,7,7
Theories_on_Anything,0.38900595621762163,7,7
Intheoffice,0.38900595621762163,7,7
NonMonoR4R,0.38900595621762163,7,7
CharacterConcepts,0.38900595621762163,7,7
thewritinghabit,0.38900595621762163,7,7
u_braunplasticsurgery,0.38900595621762163,7,7
HoeArena,0.38900595621762163,7,7
BehindtheVeilRP,0.38900595621762163,7,7
THWND,0.38900595621762163,7,7
StarshipTheory,0.38900595621762163,7,7
HxHTournament,0.38900595621762163,7,7
u_CriminalDispleasure,0.38900595621762163,7,7
chicagoseddit,0.38900595621762163,7,7
PokemonContests,0.38900595621762163,7,7
u_KimNorton54845,0.38900595621762163,7,7
u_shielassi5dic,0.38900595621762163,7,7
PCOS,0.3890056456854335,661,865
marriedredpill,0.38900498963537034,1136,1535
PepTalksWithPops,0.38900292439853257,234,288
mentalillness,0.38899949185003385,1016,1364
cripplingalcoholism,0.3889927821643965,1855,2581
evejobs,0.38899048515968304,525,678
askatherapist,0.38898950319870085,266,330
AppleLastNews,0.38898598456367894,154,185
adultsurvivors,0.388979718692964,1099,1483
TalesFromThePharmacy,0.3889756090552441,256,317
u_newnewsheadlines,0.3889736104043333,54,61
work,0.3889632824882365,656,859
XcessiveWriting,0.3889590526048825,131,156
u_NEELROY77,0.3889580165368975,25,27
OSDD,0.3889580165368975,25,27
dndstories,0.3889551460737983,412,525
jraywang,0.38895454025081133,82,95
overcoming,0.3889458852805844,239,295
BeastFiction,0.38892683997812566,43,48
ExistentialSupport,0.38892061318480853,68,78
trichotillomania,0.38890440392793924,156,188
TheMixedNuts,0.38890123650305514,228,281
xxketo,0.3888954492640736,1022,1376
CMHoCElection9,0.38889495203332003,63,72
CautiousBB,0.38889122741789106,398,507
rpghorrorstories,0.38888294007508684,1091,1475
ZwhoWrites,0.388878774408391,31,34
JamesBryantology,0.388878774408391,31,34
indoorbouldering,0.388878774408391,31,34
UnsentLetter,0.388878774408391,31,34
discordroleplay,0.388878774408391,31,34
bluelizardK,0.38887612116291115,17,18
egodeath,0.38887612116291115,17,18
TempIdReview,0.38887612116291115,17,18
ResistTyranny,0.38887612116291115,17,18
PornFreeRelationships,0.38887612116291115,17,18
PetPlayPersonals,0.38887612116291115,17,18
frontpolitics,0.38887612116291115,17,18
u_nikita_chauhan2019,0.38887612116291115,17,18
CreateYoureReality,0.38887612116291115,17,18
OpinionsReviewsViews,0.38887612116291115,17,18
AskMenOver30,0.38886717648252506,583,760
OvereatersAnonymous,0.38886653862630277,180,219
frontall,0.3888529587439694,85,99
breastfeeding,0.3888421383468957,1290,1763
shortstories,0.3888349254302541,6568,9877
alcoholicsanonymous,0.3888345092457227,623,816
mattcolville,0.3888245944445533,509,659
DirtyConfession,0.38882419532302576,565,736
domesticviolence,0.3888199534226631,1141,1549
Career_Advice,0.38880492177312465,363,461
maynardftw,0.3888014115280919,24,26
baafto,0.3888014115280919,24,26
SimplyDivine,0.3888014115280919,24,26
SquidCritic,0.3888014115280919,24,26
abuse,0.3887901541481733,1702,2367
TravisTea,0.38878157405693436,57,65
dperez82PG,0.3887787893823868,47,53
LDR,0.3887731350644794,382,487
ThaumaturgyOfViolet,0.38877252630807485,6,6
dangancitylights,0.38877252630807485,6,6
Tulpa,0.38877252630807485,6,6
VerboseBuffalo,0.38877252630807485,6,6
u_anotherthrowawaysays,0.38877252630807485,6,6
ColoredInk,0.38877252630807485,6,6
76BugWiki,0.38877252630807485,6,6
u_anetacrowe,0.38877252630807485,6,6
ChildPsychology,0.38877252630807485,6,6
u_GiftedSoul777,0.38877252630807485,6,6
LucidDreamingSpec,0.38877252630807485,6,6
OgresOpinions,0.38877252630807485,6,6
ChristianRelationship,0.38877252630807485,6,6
BlueStarSocialism,0.38877252630807485,6,6
latenightcravings,0.38877252630807485,6,6
u_0784951623,0.38877252630807485,6,6
u_TeachersStartingFire,0.38877252630807485,6,6
EffexorSuccess,0.38877252630807485,6,6
Piece,0.38877252630807485,6,6
WicDiv,0.38877252630807485,6,6
spinnelein2,0.38877252630807485,6,6
Gloryndria,0.38877252630807485,6,6
HumanOperatingManual,0.38877252630807485,6,6
u_1PercenterAnarchist,0.38877252630807485,6,6
u_GameCheats_2646,0.38877252630807485,6,6
vintnerwrites,0.38877252630807485,6,6
buteyko,0.38877252630807485,6,6
DeYtHBhOrrorClub,0.38877252630807485,6,6
DreamCareerHelp,0.38877252630807485,6,6
lonelyhearts,0.38877252630807485,6,6
520,0.38877252630807485,6,6
partnersofsexworkers,0.38877252630807485,6,6
u_PitchIt12345,0.38877252630807485,6,6
VolvaryWrites,0.38877252630807485,6,6
u_dilinh3,0.38877252630807485,6,6
u_Orange_Solitude,0.38877252630807485,6,6
trueretention,0.38877252630807485,6,6
HipImpingement,0.38877252630807485,6,6
Ayreon,0.38877252630807485,6,6
Jim_Whiterat_Writes,0.38877252630807485,6,6
u_DramaticSchedule,0.38877252630807485,6,6
VeronikasGunpla,0.38877252630807485,6,6
u_TheGuiltySpark117,0.38877252630807485,6,6
AdNauseamMTG,0.38877252630807485,6,6
u_hugovongunnar,0.38877252630807485,6,6
ExBoyfriend,0.38877252630807485,6,6
worries,0.38877252630807485,6,6
talesfromthetrades,0.38877252630807485,6,6
FriendsForDepressed,0.38877252630807485,6,6
gamearcane,0.38877252630807485,6,6
fucktoy,0.38877252630807485,6,6
Laser_Writing,0.38877252630807485,6,6
LGBTOpenModmail,0.38877252630807485,6,6
u_emailfront17,0.38877252630807485,6,6
onceuponatimeinberlin,0.38877252630807485,6,6
RedditLight,0.38877252630807485,6,6
u_davidrusel88,0.38877252630807485,6,6
TheInfinitum,0.38877252630807485,6,6
u_ramsey5oe,0.38877252630807485,6,6
HighSchoolBlue,0.38877252630807485,6,6
Freenet,0.38877252630807485,6,6
u_Dai10zin,0.38877252630807485,6,6
Transinrelationships,0.38877252630807485,6,6
Head2HeadMG,0.38877252630807485,6,6
BookOfSand,0.38877252630807485,6,6
u_jpowell79,0.38877252630807485,6,6
Ahmadis_Respond,0.38877252630807485,6,6
AnarchyAnarchy,0.38877252630807485,6,6
u_ARobotNamedFights,0.38877252630807485,6,6
1WorthlessPiggy,0.38877252630807485,6,6
DivineSands,0.38877252630807485,6,6
incestexperiences,0.38877252630807485,6,6
u_Ilineri,0.38877252630807485,6,6
Kristala,0.38877252630807485,6,6
u_powerfulspellcaster,0.38877252630807485,6,6
custodyissues,0.38877252630807485,6,6
SDAM,0.38877252630807485,6,6
MillbankTower,0.38877252630807485,6,6
dearMCS,0.38877252630807485,6,6
ProjectSTP,0.38877252630807485,6,6
u_broadedw44,0.38877252630807485,6,6
HaloClans,0.38877252630807485,6,6
u_Pethle,0.38877252630807485,6,6
Hypnagogia,0.38877252630807485,6,6
vancouverdating,0.38877252630807485,6,6
EarStretching,0.38877252630807485,6,6
IraStories,0.38877252630807485,6,6
Spartakus,0.38877252630807485,6,6
u_filledwithjoy,0.38877252630807485,6,6
MaximumEffort433,0.38877252630807485,6,6
u_stiphonjames71,0.38877252630807485,6,6
cheatingSO,0.38877252630807485,6,6
